{
  "mean": 323.00000000000006,
  "median": 323.0,
  "std": 31.137262016313773,
  "var": 969.5290858725765,
  "min": 273.0,
  "max": 373.0,
  "q1": 298.0,
  "q3": 348.0,
  "iqr": 50.0,
  "range": 100.0,
  "statistic": 0.9603751832429888,
  "p_value": 0.5513717457916836,
  "is_normal": true
}